LocationID;Country;Region;City;Adress;PostNumber;DeliveryService
1;Indonesia;;Gatak;9 Kenwood Park;93571;Waters Group
2;France;Île-de-France;Paris 16;08398 Buell Alley;10063;Emmerich, Sporer and Leannon
3;Yemen;;Yufrus;8215 Macpherson Alley;78865;Braun-Koepp
4;Armenia;;Aygezard;779 Canary Park;99426;Pagac-Greenfelder
5;Philippines;;Panognawan;91 Bellgrove Way;11901;Zboncak, MacGyver and Hermann
6;China;;Hougang;7856 Prentice Road;55305;West, Christiansen and Abshire
7;Egypt;;Awsīm;798 Almo Circle;63038;Funk, Hackett and Champlin
8;Brazil;;Além Paraíba;2492 Clarendon Point;10918;Erdman LLC
9;China;;Shancheng;832 Vahlen Center;44340;Bernhard-Johnston
10;Philippines;;Malibago;57 Morning Court;76167;Christiansen-Gleason
11;France;Île-de-France;Courtaboeuf;77 Atwood Court;30708;Cummerata, Schmitt and Schmitt
12;Bosnia and Herzegovina;;Gornje Moštre;6 Lillian Crossing;11639;Balistreri, Nolan and Wisozk
13;China;;Beichengqu;93 3rd Road;37086;Roob Inc
14;China;;Zhongping;38907 Arkansas Place;61929;Morissette-Schultz
15;France;Île-de-France;Paris 18;41 Nelson Pass;1033;Krajcik, Parisian and Abbott
16;China;;Daxing;8 Derek Place;65164;Heidenreich, Quigley and Smith
17;Central African Republic;;Rafaï;9 International Junction;81415;Frami-Mills
18;Indonesia;;Bentar Girang;47 Mesta Way;83956;Rolfson-Jerde
19;Russia;;Logovskoye;541 Lien Terrace;86988;Hirthe-MacGyver
20;China;;Chenfang;31891 Straubel Street;21187;Kihn-Mosciski
21;Kenya;;Londiani;4833 Brown Crossing;32641;Walsh LLC
22;China;;Taiba;0017 Victoria Park;21512;Okuneva and Sons
23;Tunisia;;Al Wardānīn;34 Cordelia Junction;16222;Braun, Breitenberg and Cole
24;France;Île-de-France;Paris 15;157 Northridge Way;65905;Bashirian-Reilly
25;Russia;;Budënnovsk;937 Knutson Crossing;40709;Beier, Schneider and Wisoky
26;Philippines;;Nangka;0 Manufacturers Hill;30996;Mitchell and Sons
27;Syria;;Aş Şanamayn;4084 Lakeland Hill;21438;Gerhold, Harvey and Kutch
28;China;;Ruchihe;770 Heffernan Street;78724;Veum-Weissnat
29;Latvia;;Pāvilosta;624 Sunfield Hill;72076;D'Amore-Schoen
30;Philippines;;Sampagar;7 Hudson Hill;6189;Mosciski, Labadie and Howell
31;Russia;;Solnechnyy;52242 Mandrake Park;83830;Zboncak and Sons
32;Japan;;Sukagawa;094 Truax Point;6335;Schamberger, Turcotte and Bins
33;Finland;;Siikainen;15057 Sachtjen Lane;60644;O'Keefe-Schiller
34;Thailand;;Phutthaisong;46 Lunder Drive;40840;Hand, Skiles and Huel
35;Indonesia;;Cimanglid;3872 Killdeer Place;82856;Collier-Schulist
36;Indonesia;;Kawengan;49315 Red Cloud Trail;54372;Bauch Group
37;Indonesia;;Sukaraharja;47 Cordelia Center;84087;Wisoky, Champlin and Wyman
38;Central African Republic;;Bria;76 Independence Street;91731;Sauer-Ledner
39;Philippines;;Montilla;0 Burrows Road;30300;Schuster-Veum
40;Peru;;Huamali;918 Summerview Way;6083;Pollich-Bartell
41;Philippines;;Talisay;730 Towne Hill;2607;Flatley Inc
42;Brazil;;Viçosa;260 Thierer Circle;91014;Kuhn-Howe
43;China;;Nancheng;205 Bultman Plaza;2140;Murazik Inc
44;Finland;;Savonranta;1 Pawling Street;91486;Wisoky, Little and Krajcik
45;Syria;;‘Awaj;52749 Memorial Junction;34166;Marks-Spencer
46;Poland;;Opinogóra Górna;2 Cambridge Circle;86429;Ondricka LLC
47;Mexico;Tamaulipas;Loma Alta;3 Moulton Avenue;19302;O'Hara, Cassin and Borer
48;Portugal;Leiria;Figueiras;281 Glacier Hill Trail;69881;Turcotte Inc
49;Brazil;;Piracanjuba;9 Rieder Road;49817;Haag, Quitzon and Senger
50;Philippines;;Balingoan;86 Merrick Drive;51579;Lowe LLC
51;France;Lorraine;Metz;71565 Grover Trail;33560;Grant, Runte and Funk
52;Philippines;;Bolinao;5855 Hermina Junction;80883;Reilly, Murazik and Okuneva
53;Poland;;Babice;699 Fuller Pass;49150;Rice Group
54;Latvia;;Ikšķile;8 Everett Alley;34339;Renner and Sons
55;Russia;;Rostokino;94 Barby Plaza;14812;Streich and Sons
56;Indonesia;;Bogorejo;72871 Pennsylvania Court;91684;Bins, Bruen and Balistreri
57;Russia;;Novopokrovka;66 Logan Drive;31996;Rolfson Group
58;Costa Rica;;Batán;24313 Fairfield Parkway;24594;Krajcik, Pfeffer and Kreiger
59;Ireland;;Tralee;0474 Holy Cross Junction;73807;Rutherford LLC
60;China;;Yongledian;90 Jana Place;60937;Streich, Fay and Eichmann
61;Brazil;;Diadema;1 Nelson Court;31745;Lehner-Bechtelar
62;United States;New Jersey;Newark;03519 Mallory Street;62872;Olson, Metz and Gaylord
63;Poland;;Gielniów;02848 Debra Way;45024;Hagenes Inc
64;Kazakhstan;;Khantaghy;522 Duke Road;76388;Green, Thiel and Gislason
65;Indonesia;;Warung Wetan;737 Vermont Parkway;76647;Kunze, Reilly and Krajcik
66;Russia;;Buynaksk;325 Muir Circle;52922;Walker, Leuschke and Kling
67;Indonesia;;Maliang;49498 Acker Place;64502;Will and Sons
68;Brazil;;Caxias;5914 Fordem Plaza;54098;Shanahan-Nitzsche
69;Sweden;Västmanland;Västerås;3722 Northridge Pass;50577;Walter, Dooley and Hilpert
70;China;;Xiaoguwei;9 Mcbride Road;82056;Ullrich and Sons
71;Honduras;;Ocote Paulino;8444 Reindahl Way;3321;Barton-Conn
72;Brazil;;Venâncio Aires;4 Buell Lane;51274;Douglas, Dare and Kulas
73;China;;Xiachen;1 Manufacturers Way;55707;Nader-Kunde
74;Uganda;;Katakwi;2151 Atwood Plaza;30242;Brown-Douglas
75;Poland;;Czerwin;066 Browning Point;75987;Lueilwitz, Rippin and Larson
76;Pakistan;;Begowāla;5020 Oak Crossing;23925;Adams-Pouros
77;Argentina;;El Quebrachal;657 Declaration Drive;26425;Braun, Wolff and Cormier
78;United States;Indiana;Evansville;3959 Westridge Hill;61199;Kohler LLC
79;Pakistan;;Pindi Bhattiān;706 Erie Point;32821;Altenwerth, Shields and Cormier
80;France;Île-de-France;Saint-Cloud;9326 Mallory Point;6166;Okuneva, Heller and Hirthe
81;Finland;;Perniö;95129 Nancy Drive;40341;Prosacco and Sons
82;Philippines;;Duran;60 Old Shore Circle;66495;Lemke-Carroll
83;Indonesia;;Glagahdowo;04 Fallview Road;41309;Boyle LLC
84;Philippines;;Caminauit;4221 Nelson Place;90713;Ledner, Runte and Swaniawski
85;Indonesia;;Jatisari;348 Arkansas Alley;45467;O'Connell, Armstrong and Strosin
86;Poland;;Wilczyce;4 Meadow Valley Junction;73116;Abshire-McCullough
87;Indonesia;;Tengger;62183 Cardinal Court;44000;Hilpert, Sauer and McCullough
88;Saudi Arabia;;Al Jafr;87 Lien Street;72502;Koch LLC
89;China;;Chengbei;7464 6th Terrace;94415;Cruickshank, Runolfsdottir and Heathcote
90;Philippines;;Quintong;6 Service Avenue;79357;Ullrich Inc
91;Mexico;Veracruz Llave;Francisco I Madero;6 Ruskin Alley;58051;Senger-Steuber
92;Honduras;;El Rancho;60653 Memorial Point;279;Gerhold-Hoeger
93;Tunisia;;Douane;6 Tennessee Park;38928;Sanford-Russel
94;Indonesia;;Keroak;927 Porter Hill;74745;Kihn LLC
95;Zimbabwe;;Dete;11869 Steensland Plaza;30345;Cruickshank, Little and Jones
96;Ukraine;;Uralo-Kavkaz;4544 Bellgrove Crossing;26227;King, Metz and Becker
97;Brazil;;Mocajuba;2 Bonner Drive;99608;Howell, Rempel and Mitchell
98;Macedonia;;Berovo;82 Crowley Point;50058;Schowalter, Reilly and Heaney
99;France;Île-de-France;Paris 15;333 West Road;48974;Pfeffer LLC
100;France;Île-de-France;Cergy-Pontoise;0 Monica Alley;2560;Nitzsche-Stehr
101;Nigeria;;Uga;56 Scoville Crossing;76706;Harber, Sanford and Mante
102;China;;Taochuan;3 5th Terrace;95906;Jaskolski Inc
103;Peru;;Laramate;1 Trailsway Parkway;28019;Stark, Nikolaus and Corwin
104;China;;Limushan;1848 Gerald Circle;62550;West-Armstrong
105;France;Île-de-France;Ivry-sur-Seine;18 Clemons Street;8638;Schneider Group
106;Peru;;Asquipata;019 Sutherland Street;80958;Grimes, Harris and Schowalter
107;Mexico;Tamaulipas;Niños Heroes;76 Almo Circle;17353;Nader, Schaefer and Lehner
108;China;;Yong’an;15421 Grim Court;42809;Shanahan-Greenholt
109;South Korea;;Kijang;5421 Briar Crest Place;63709;Crona-Watsica
110;Nigeria;;Ringim;11 Trailsway Alley;46462;Konopelski and Sons
111;Poland;;Dzików Stary;29054 Drewry Avenue;10375;Rempel-Runte
112;Thailand;;Hang Dong;8 Bobwhite Drive;99754;Schultz, Dach and Von
113;Indonesia;;Kalembutillu;5887 Jenna Way;73186;Douglas-McClure
114;China;;Hexiangqiao;50520 Waywood Alley;99144;Aufderhar, Conn and Kuhlman
115;Russia;;Kyzyl-Oktyabr’skiy;82921 Northwestern Terrace;74632;Cormier, Runolfsdottir and Gaylord
116;Kyrgyzstan;;Ala-Buka;5 La Follette Place;87989;Wiza Group
117;Guatemala;;Lívingston;8 Drewry Circle;67954;Nienow, Windler and Keeling
118;Argentina;;La Puerta de San José;19529 Fair Oaks Terrace;38263;Spinka and Sons
119;United States;California;Sacramento;298 Everett Center;64432;Durgan, Schuppe and Mann
120;Vietnam;;Vân Canh;04 Grayhawk Place;75428;Bogisich-Kiehn
121;Bolivia;;San Ignacio de Velasco;12 Badeau Lane;80824;Beahan LLC
122;Russia;;Nevel’;5408 Riverside Plaza;70262;Miller Inc
123;Indonesia;;Sinargalih;67498 Vera Way;65342;Goyette, Erdman and Ledner
124;Argentina;;Rafaela;5 Del Sol Place;9016;Terry, Gaylord and Emmerich
125;China;;Hufang;64378 Birchwood Plaza;67161;Brakus, Graham and Pfannerstill
126;China;;Huyu;25479 Browning Street;23441;Langworth, Feil and Lesch
127;Vietnam;;Da Nang;24412 Montana Plaza;23491;Mohr-Lockman
128;Philippines;;Mantampay;2622 New Castle Plaza;17258;Hane, Gutmann and Zulauf
129;Greece;;Dióni;8825 Luster Pass;80436;Wilkinson and Sons
130;Indonesia;;Karangasem;02369 Scott Crossing;37926;Jaskolski-Sporer
131;Mauritius;;Triolet;90773 Kedzie Point;39836;Hane, Lind and Pollich
132;Indonesia;;Teluksantong;66 Talisman Terrace;19778;Lehner Group
133;Nepal;;Dailekh;5925 Waubesa Crossing;33979;Lindgren-Nitzsche
134;China;;Wujiao;22990 Tony Crossing;19431;Heller-Olson
135;Panama;;Cusapín;6 Roth Lane;62410;Langosh Group
136;Honduras;;El Triunfo de la Cruz;048 Carpenter Center;4277;Zboncak Inc
137;Serbia;;Draginje;41623 Harper Alley;68153;Jenkins Inc
138;China;;Huyunxiang;70137 Forest Run Alley;49790;O'Reilly, Goldner and Effertz
139;Brazil;;Una;05288 Grasskamp Park;64485;Mayer, Osinski and Kub
140;Brazil;;Ipatinga;2 Onsgard Drive;73088;Beahan-Hegmann
141;Philippines;;San Pedro Apartado;83372 Clarendon Drive;1820;Abernathy Inc
142;China;;Chengguan;6 Old Shore Alley;29690;Parisian Group
143;Russia;;Olonets;30 Farragut Point;25664;Swaniawski, Goodwin and Pouros
144;Nigeria;;Okrika;6 Derek Center;68231;Auer and Sons
145;China;;Sizhou;15838 Dayton Trail;64583;Block, Considine and Blick
146;Indonesia;;Tanahmerah;71 Riverside Point;11815;Ullrich Inc
147;Poland;;Kiernozia;980 Washington Junction;94949;Crooks-Treutel
148;United States;California;Lancaster;185 Service Way;32222;Dare, Hermann and Kunze
149;Morocco;;Tanalt;792 Northridge Court;79324;Connelly Group
150;Canada;Ontario;Oakville;9 Lerdahl Junction;7778;Robel-Heathcote
151;Indonesia;;Jambuir Timur;556 Sutteridge Parkway;62395;Gislason, Schulist and O'Kon
152;Russia;;Urus-Martan;2346 Utah Crossing;16309;Schamberger-Crist
153;Malaysia;Sabah;Kota Kinabalu;62 Oriole Circle;34672;Stanton LLC
154;Venezuela;;Upata;69 Transport Way;78279;Schroeder Group
155;Indonesia;;Jelat;95168 Fairfield Crossing;628;Stiedemann, Wunsch and O'Conner
156;Greece;;Foúrnoi;95 Lukken Alley;55606;Weimann-McClure
157;Tanzania;;Matai;95203 Chive Trail;58731;McLaughlin LLC
158;China;;Jianguo;38519 Little Fleur Court;96363;O'Hara LLC
159;China;;Chuncheng;126 Barnett Way;67339;Collins-Leffler
160;United Kingdom;England;Whitchurch;21 Sutteridge Parkway;81868;Klocko Group
161;Mexico;Jalisco;San Antonio;8 Orin Avenue;85495;Lubowitz, Larkin and Stroman
162;China;;Guangyuan;89 Northview Terrace;39807;Gibson, Fahey and Powlowski
163;Yemen;;Al Wuday‘;1804 Quincy Crossing;16259;Marks, Funk and Hammes
164;Cyprus;;Émpa;989 Hayes Crossing;72428;Reilly-Boyle
165;China;;Huanggexi;44868 Derek Pass;1671;Turner-Lockman
166;Denmark;Region Hovedstaden;København;70925 Glendale Junction;4739;Murazik Group
167;Philippines;;Burgos;5 Sommers Trail;87744;Jacobs, Wisoky and Nikolaus
168;Russia;;Nizhniy Dzhengutay;3 Golf View Plaza;47291;Stark, Bernier and Lindgren
169;Sweden;Stockholm;Bromma;2344 Dorton Place;49757;O'Connell, Rowe and Nikolaus
170;United Kingdom;England;Newport;16 Holmberg Point;21204;Parisian Inc
171;Slovenia;;Divača;8493 Buell Junction;61495;Marvin, Heller and Koelpin
172;Poland;;Kaniów;7309 Vernon Street;35655;Kuvalis Group
173;Armenia;;Artashat;6 Fair Oaks Court;89076;Halvorson Inc
174;South Korea;;Yesan;6460 Oxford Alley;91673;Streich-Runte
175;Netherlands;Provincie Noord-Brabant;'s-Hertogenbosch;1786 Hollow Ridge Center;81177;Crona, Ernser and Schultz
176;Indonesia;;Bangekdewa;585 Kenwood Street;65057;Schmidt-Bosco
177;Indonesia;;Pasar Kidul;48 Lakeland Way;375;Balistreri, Mosciski and Wisozk
178;Indonesia;;Menanga;4 Lillian Place;43840;Schuppe, Konopelski and Hahn
179;Mexico;Chihuahua;Magisterial;5 Butterfield Plaza;3286;Veum, Wilderman and Stehr
180;Russia;;Zernograd;44 Pond Drive;29746;Hirthe Group
181;Cuba;;Encrucijada;94452 Loomis Terrace;33510;Kohler-Tromp
182;Bangladesh;;Kālīganj;8 Mayer Street;9954;Ortiz-Corwin
183;China;;Xiachen;17416 Pearson Road;34896;Hettinger and Sons
184;Russia;;Yur’yev-Pol’skiy;379 Knutson Pass;13371;Olson and Sons
185;France;Île-de-France;Suresnes;23491 Commercial Drive;98084;Howell, Hamill and Erdman
186;Czech Republic;;Dolní Černilov;148 Lien Crossing;14947;Aufderhar and Sons
187;Thailand;;Na Thawi;2 Riverside Court;14916;Langworth-Wehner
188;Poland;;Rokitno;2 Anzinger Park;49811;Shanahan LLC
189;Belarus;;Myadzyel;19 Roth Hill;63496;Spinka LLC
190;Georgia;;Marneuli;2256 Waxwing Point;74159;Batz Group
191;Kazakhstan;;Aktau;8 Green Ridge Street;39478;Buckridge-Cummings
192;Peru;;Juli;723 Bultman Hill;32155;Lowe, Cormier and Bergstrom
193;Thailand;;Wang Chan;5 Sommers Court;34555;Osinski, Effertz and Emard
194;Kazakhstan;;Karagandy;648 Manley Crossing;79666;Kub and Sons
195;Democratic Republic of the Congo;;Demba;82 Monica Alley;28486;Mosciski, Braun and Rolfson
196;Uruguay;;Migues;1550 Lerdahl Hill;84166;Schumm-Jones
197;China;;Qingshui;0 Springview Crossing;15318;Hyatt, Douglas and Murphy
198;Mexico;Veracruz Llave;Lazaro Cardenas;3 Meadow Vale Terrace;46236;Ortiz, O'Reilly and Orn
199;China;;Tangdukou;138 Knutson Road;81861;Greenfelder, Toy and Kirlin
200;Philippines;;Tamisan;104 Reinke Park;67691;Spencer LLC
201;Iraq;;Khāliş;49 Tony Avenue;55601;Robel-Corwin
202;Poland;;Stęszew;24429 Leroy Road;71288;Treutel, Fritsch and Witting
203;Ukraine;;Reni;23914 Onsgard Point;53094;Ledner-Morar
204;United States;Colorado;Denver;3213 Portage Trail;50645;Ankunding and Sons
205;Panama;;Cusapín;621 Arizona Trail;72339;Gulgowski LLC
206;South Africa;;Musina;35 Bartillon Point;28455;Larkin, Smith and Harvey
207;Sweden;Östergötland;Norrköping;345 Elgar Center;35586;Reinger and Sons
208;China;;Shuigou;2 Linden Pass;93476;Bednar-Fisher
209;Indonesia;;Lena;39865 Graedel Pass;17651;O'Connell LLC
210;Netherlands;Provincie Friesland;Leeuwarden;6721 4th Parkway;92150;Schoen-Willms
211;Russia;;Tol’yatti;64987 Dayton Center;13437;Upton Inc
212;Indonesia;;Kotaagung;57814 International Crossing;66514;Bogan LLC
213;Philippines;;Santa Lucia;2337 Pine View Terrace;53622;Zemlak, Bartell and Doyle
214;Colombia;;Girón;837 Pawling Circle;34542;Lind-Langworth
215;Greece;;Lykóvrysi;8382 Hansons Terrace;90910;McKenzie-Windler
216;Angola;;Luena;3 Dottie Point;93498;Krajcik-Mann
217;Philippines;;Manabo;435 Wayridge Trail;22069;Harvey-Cartwright
218;Indonesia;;Lajaluhur;6 Oakridge Junction;53754;Harber-Orn
219;China;;Xiaoshan;97553 Melby Terrace;10078;Gorczany Group
220;Sweden;Värmland;Munkfors;2241 Luster Place;70584;Steuber-Jast
221;Brazil;;Itapecuru Mirim;940 Dakota Lane;64663;Kiehn, Erdman and Batz
222;Greece;;Kardítsa;8 Caliangt Place;63732;Gulgowski, Osinski and Rath
223;Indonesia;;Soasio;7 Warrior Street;10166;Jerde and Sons
224;China;;Gaobu;2 Karstens Place;26496;Schinner-Pacocha
225;Slovenia;;Idrija;1 Lighthouse Bay Alley;28812;Rowe, Kozey and Abshire
226;Netherlands;Provincie Zeeland;Vlissingen;38178 Shopko Place;9087;Casper-Johns
227;Finland;;Siikainen;7 Becker Circle;87787;Conn Inc
228;Central African Republic;;Kabo;7946 Scott Parkway;37305;Schulist Inc
229;China;;Xinfengjie;01084 Evergreen Junction;59130;Johns Group
230;Russia;;Moscow;8 La Follette Street;37692;Crist-Tremblay
231;China;;Xiangfu;87 Parkside Court;79415;Lakin, McLaughlin and Stroman
232;China;;Biru;28276 Independence Lane;37409;Wyman, Kihn and Abernathy
233;Poland;;Krosno Odrzańskie;2 Shopko Junction;5973;Howe, Lesch and Huel
234;China;;Xinzhou;51263 Fallview Drive;83084;Walter-Runolfsson
235;South Africa;;Willowmore;016 Arizona Road;40519;Hahn-Volkman
236;Mongolia;;Harhorin;734 Texas Pass;90240;Nolan, Johns and Hegmann
237;Poland;;Lwówek Śląski;5 Upham Trail;47121;Auer-Boyer
238;Russia;;Ust’-Labinsk;92074 Forest Run Place;95526;Schulist-Quigley
239;China;;Miao’ergou;728 Sutteridge Way;1423;Brekke-Legros
240;Philippines;;Bato;5 Goodland Junction;33303;Heller-Effertz
241;Brazil;;Mogi das Cruzes;27800 Mockingbird Drive;78211;Jenkins, Pacocha and Marks
242;China;;Wuma;9 Talisman Junction;12846;Pfeffer-Medhurst
243;Portugal;Aveiro;Lobão;18295 Chinook Pass;40781;Gerlach-Durgan
244;Albania;;Përmet;5819 Raven Hill;20478;Bruen Inc
245;Philippines;;Tiniguiban;31 Vahlen Crossing;21188;Wilderman-Rodriguez
246;Poland;;Mników;0 Melrose Junction;99080;Marvin, McKenzie and Berge
247;Peru;;Perené;263 Westerfield Court;49643;Fadel LLC
248;France;Île-de-France;Croissy-sur-Seine;5 Nobel Park;55872;Zulauf, Koss and Krajcik
249;Russia;;Dmitrov;40666 Northport Plaza;93400;Lind-Stoltenberg
250;Bolivia;;Jorochito;3 8th Plaza;3871;Koch-Fritsch
251;Indonesia;;Sungaimaja;63 Parkside Crossing;16007;Denesik and Sons
252;China;;Xinglong;7 Banding Plaza;91144;Toy Inc
253;Indonesia;;Banjar Sebual;7 Brentwood Plaza;9188;Morissette-Huel
254;Argentina;;Ingeniero Guillermo N. Juárez;86 Mallory Junction;82043;Jast, Jerde and Kerluke
255;Vietnam;;Thành Phố Hạ Long;506 Bay Terrace;18867;Kunze, Lind and Mayert
256;China;;Fangli;0 Rutledge Court;8030;Spencer-Walker
257;China;;Duoxiang;14131 Brown Crossing;25736;Schumm, McClure and Cremin
258;France;Île-de-France;Nogent-sur-Marne;00392 Brickson Park Circle;37577;Upton-Grimes
259;Indonesia;;Sumberwaru;0 Shasta Avenue;79905;Welch-Mills
260;Poland;;Krzeszów;6 Holy Cross Center;18058;Rowe, Baumbach and Konopelski
261;Spain;Madrid;Getafe;53 Grim Plaza;25931;Christiansen and Sons
262;Armenia;;Kotayk’;676 Pankratz Place;20590;Eichmann and Sons
263;Indonesia;;Bantardawa;3 Dexter Parkway;97154;Crist, Wisozk and Donnelly
264;China;;Gaoguan;2741 Atwood Parkway;50535;Flatley-Gaylord
265;Czech Republic;;Vysočany;8 Hollow Ridge Terrace;14822;Leffler and Sons
266;Indonesia;;Tulungagung;0 Old Gate Alley;17347;Rempel-Ward
267;China;;Tuncheng;626 Bartillon Lane;39463;Fadel and Sons
268;Sweden;Uppsala;Knivsta;43131 Sachtjen Crossing;30981;Hartmann LLC
269;Palestinian Territory;;Azun Atme;06 Sherman Street;66119;Schoen-Mann
270;Indonesia;;Drajak;04 John Wall Point;22294;Rogahn Inc
271;China;;Lichengdao;45828 Longview Point;53874;Daugherty, Maggio and Torp
272;Indonesia;;Jabon;18 Straubel Junction;29413;Wunsch-Lesch
273;China;;Wushi;90622 Namekagon Plaza;26872;Moore-Howell
274;Portugal;Ilha de São Miguel;Porto Formoso;5823 Oakridge Circle;16746;Mueller and Sons
275;Brazil;;Recife;24 Veith Center;93672;Hintz, Bahringer and Lesch
276;Indonesia;;Pasirnangka;3 Springview Avenue;60234;Toy, Donnelly and Rau
277;China;;Yanglong;62 Bartelt Trail;85931;Kihn, Howe and Smith
278;Chile;;Lampa;7771 Dryden Trail;11554;Breitenberg LLC
279;Russia;;Uinskoye;64405 Ohio Parkway;50365;Cruickshank-Parker
280;China;;Leping;0 Cordelia Way;40104;Mann-Lehner
281;Portugal;Lisboa;Bom Sucesso;13 Ryan Plaza;19452;Hayes, Balistreri and Russel
282;Vietnam;;Duyên Hải;1816 Lindbergh Court;1768;Weimann-Blanda
283;Indonesia;;Padangbai;07 Mockingbird Drive;55309;Hayes-Ortiz
284;China;;Longquan;1909 Fieldstone Parkway;33973;Willms-Roberts
285;Indonesia;;Katur;6 Russell Parkway;86324;Kemmer-Powlowski
286;Sweden;Stockholm;Stockholm;1018 Canary Terrace;30684;Lehner-Keeling
287;United Kingdom;England;London;92688 Eastwood Crossing;91379;Mosciski-Cartwright
288;Russia;;Pereleshino;237 Weeping Birch Road;88554;Shanahan, DuBuque and Zieme
289;Burkina Faso;;Garango;37 Amoth Place;11040;Beahan, Gutmann and Ledner
290;Philippines;;Taluksangay;83 Towne Hill;32401;Balistreri, Jacobs and Wyman
291;France;Pays de la Loire;Les Sables-d'Olonne;1999 Esch Place;79851;Macejkovic, Keeling and Steuber
292;Poland;;Chwaszczyno;558 Maywood Way;21313;Gleason LLC
293;Vietnam;;Plei Kần;6969 Algoma Circle;63096;Rowe and Sons
294;Indonesia;;Mislak;646 Toban Drive;72828;Rutherford Group
295;Portugal;Castelo Branco;Silvares;1 Pawling Road;4969;Turner, Erdman and White
296;Russia;;Shelabolikha;73 Brickson Park Park;47912;Rutherford Group
297;Indonesia;;Wringinsari;910 Waxwing Court;23603;Schamberger Group
298;Philippines;;Abilay;03 Dennis Place;87805;Moen LLC
299;Greece;;Kostakioí;6262 Sommers Court;67216;Kulas-Hudson
300;Argentina;;La Banda;5178 Cardinal Point;89713;Kunde, Gerlach and Hane
301;Japan;;Hamakita;9602 Roth Court;75795;Aufderhar and Sons
302;France;Rhône-Alpes;Lyon;972 Dunning Way;35741;Schowalter-Marks
303;Burkina Faso;;Bobo-Dioulasso;394 Tomscot Crossing;31386;Mills-Jerde
304;Syria;;Souran;211 Russell Court;56007;O'Hara, Glover and Hudson
305;Kiribati;;Tabwakea Village;039 Green Ridge Park;4658;Denesik, Hyatt and Carter
306;Indonesia;;Nunmanu;21823 Boyd Crossing;918;Mitchell LLC
307;Guatemala;;Huitán;3308 Killdeer Road;14541;Pacocha-Padberg
308;Argentina;;Buta Ranquil;018 Cherokee Drive;72814;Pagac LLC
309;Serbia;;Stari Grad;0181 Mendota Road;9834;Langosh-Muller
310;Greece;;Dístomo;75718 Dawn Junction;12171;Willms, Wuckert and Effertz
311;Burkina Faso;;Kombissiri;8 Artisan Road;79903;Haag-McCullough
312;Indonesia;;Ngawen;5 Leroy Crossing;69673;Heidenreich, Lubowitz and Koch
313;Norway;Buskerud;Drammen;20 Delladonna Alley;36081;D'Amore and Sons
314;Russia;;Zheshart;8102 Brown Way;30766;Rath Inc
315;Indonesia;;Tigarunggu;9698 Vermont Junction;7099;Pfeffer LLC
316;China;;Shiquanhe;086 Meadow Valley Pass;66836;Marks, Gottlieb and Daniel
317;China;;Dongyong;775 Dakota Crossing;32419;Towne Inc
318;Belarus;;Chervyen’;908 Mitchell Center;65278;Borer, Sipes and Bosco
319;Australia;Western Australia;Perth;1415 Arrowood Plaza;45124;Beahan Inc
320;China;;Yege;9 Summerview Road;7914;Dach-Schinner
321;Russia;;Roshal’;73584 Crownhardt Street;52668;Steuber, Doyle and Kulas
322;Canada;Québec;Matagami;59 Gerald Street;39346;Dach and Sons
323;Brazil;;São Bento;6 Westend Street;77199;Prohaska Inc
324;Russia;;Pravda;7270 Spohn Drive;2636;Tremblay-Terry
325;China;;Pukou;2 Gulseth Lane;79709;Lueilwitz-Stroman
326;Portugal;Ilha de São Miguel;Ajuda;95 Lukken Terrace;50773;Kuvalis-Balistreri
327;China;;Luoxiong;80 Westerfield Trail;44237;Kuhn Group
328;Sweden;Stockholm;Stockholm;17816 Badeau Avenue;73952;Wolff, Leuschke and Jones
329;France;Île-de-France;Issy-les-Moulineaux;24379 Sunnyside Trail;63141;Brakus Group
330;China;;Zhelin;331 Southridge Hill;58920;Wilkinson LLC
331;Indonesia;;Wonosobo;664 Roxbury Circle;73697;Wilkinson-Mayert
332;Thailand;;Ban Phai;8877 Sycamore Place;57736;Aufderhar Inc
333;China;;Dazuo;407 Red Cloud Terrace;14907;Ziemann-Larson
334;North Korea;;Wŏnsan;6277 Barby Lane;65752;Larson, Kiehn and Kerluke
335;Ireland;;Tralee;95385 Loomis Court;61053;Wolf-Hayes
336;Brazil;;Parnamirim;085 Boyd Way;80060;Barrows, Runolfsdottir and Boyle
337;Poland;;Ursynów;20 Maple Park;8792;Senger Inc
338;Cuba;;Jesús Menéndez;9050 Canary Avenue;8111;Monahan LLC
339;Philippines;;Kumalarang;26376 Melby Pass;62204;Schroeder-Johns
340;Czech Republic;;Broumov;170 Straubel Court;6410;Torphy, Corwin and Bayer
341;New Caledonia;;Dumbéa;50 3rd Way;34048;Steuber, Harber and Bednar
342;Syria;;Ma‘dān;0721 Esker Way;94320;Quitzon, McGlynn and Dare
343;Colombia;;Sabanalarga;30 Blue Bill Park Terrace;86160;Gusikowski, Swaniawski and Mante
344;Russia;;Bezhta;79 Havey Point;36397;Lebsack, Hermann and Murray
345;Tajikistan;;Panjakent;9 Crest Line Hill;72355;Jast, Gleason and Farrell
346;Honduras;;Azacualpa;6636 Tennessee Terrace;76249;Wiza-Gleason
347;China;;Motuo;2429 Rockefeller Drive;69378;Nader LLC
348;China;;Hayan Hudong;7977 Sutteridge Court;19802;MacGyver, Rosenbaum and Rodriguez
349;China;;Jiangkou;311 Linden Center;63363;Powlowski-Barton
350;China;;Samajie Ewenkeminzu;039 Carioca Plaza;30866;Swift LLC
351;Indonesia;;Keleleng;8355 Warbler Point;38009;Sauer-Donnelly
352;China;;Lirang;37 Upham Pass;95909;Bechtelar-Wehner
353;China;;Yanguan;2 Jana Alley;23661;Prosacco-Lang
354;United States;Florida;Naples;3638 Cambridge Way;44196;Bradtke, Collier and Howell
355;Tanzania;;Mabamba;4359 Bartelt Crossing;62085;Hartmann, West and Lockman
356;Zambia;;Luangwa;1996 Butternut Plaza;2906;Bednar, Fadel and Sawayn
357;Poland;;Tarnawatka;401 Lunder Circle;57922;Hayes, Kohler and Goldner
358;Comoros;;Foumbouni;3 Bartelt Alley;55080;Mraz-Schultz
359;Greece;;Pyrgetós;35 Butterfield Circle;17393;Pagac, Larkin and Ziemann
360;Russia;;Nizhnyaya Omka;44166 Crest Line Circle;74720;Greenfelder, Swift and Koelpin
361;Indonesia;;Lowayu;6004 Merrick Hill;53147;Stiedemann-Spencer
362;Colombia;;Tuluá;0215 Eagle Crest Trail;68325;Lesch-Little
363;Argentina;;Arauco;93033 Del Sol Alley;1947;Jakubowski-Satterfield
364;Brazil;;Santo Estêvão;3 7th Park;78826;Von Inc
365;Swaziland;;Piggs Peak;4 Lakewood Gardens Circle;201;Ward-Fritsch
366;Russia;;Ikryanoye;39964 Old Shore Court;94602;Willms Inc
367;China;;Daduo;1 Victoria Court;11080;Schmeler-Pouros
368;China;;Jinling;12798 Kinsman Pass;13197;Okuneva, Raynor and Kohler
369;Brazil;;Cabreúva;39 Briar Crest Center;68600;Kunde-Oberbrunner
370;Argentina;;Bahía Blanca;1802 Farmco Center;87521;Witting Group
371;Indonesia;;Panglanjan;7397 Eagan Drive;36173;Botsford-Schoen
372;China;;Shahe;10 Mitchell Junction;4026;Abernathy LLC
373;Mexico;Veracruz Llave;Vista Hermosa;0427 Bay Lane;16652;Armstrong, Wolf and Christiansen
374;Russia;;Tanzybey;7233 Independence Avenue;78029;Crooks, Wolff and Keebler
375;Argentina;;Villa de Soto;3664 Bartelt Road;87281;MacGyver, Dare and Greenholt
376;Sweden;Västmanland;Västerås;82664 Marquette Circle;7306;Beier, Lind and Davis
377;Morocco;;Tadrart;7 Merry Park;75085;Jacobi LLC
378;Greece;;Methóni;2232 Lunder Avenue;42499;Wintheiser, Harber and Bartell
379;Russia;;Lechinkay;181 Steensland Street;99186;Hartmann, Jerde and Reichel
380;Greece;;Eláteia;7 Loeprich Street;71224;Hammes-Zboncak
381;Indonesia;;Bontang;3434 Tennyson Circle;6194;Douglas, Casper and Weissnat
382;Indonesia;;Sua;93 Dovetail Drive;5316;Keeling Inc
383;Armenia;;Astghadzor;13 Hanson Crossing;18745;Smitham-Farrell
384;China;;Nanbao;50 Kipling Trail;73837;Gislason-Watsica
385;Sudan;;Geneina;78 Bashford Parkway;79808;Schimmel-Roob
386;Ecuador;;San Gabriel;79 Dryden Drive;21982;Tremblay Group
387;China;;Nanyang;6 6th Court;68239;Weber, Luettgen and Becker
388;China;;Haiyanmiao;51 3rd Alley;65559;Lubowitz-Rutherford
389;Japan;;Nakamura;34500 Comanche Place;89953;Rice-Hagenes
390;France;Lorraine;Longwy;5 Anzinger Way;42015;Hilll Inc
391;New Zealand;;Christchurch;1808 Sheridan Alley;44699;Lang-Wuckert
392;Indonesia;;Pondokdalem;205 Heffernan Court;99098;Greenfelder, Grady and Hahn
393;Japan;;Suzaka;0087 Esch Center;17489;Bednar-Nienow
394;Indonesia;;Babakanjaya;61568 Hoepker Street;91028;Dare, Ryan and Ryan
395;El Salvador;;Chalchuapa;095 Morning Parkway;86956;Reichel, Jerde and Franecki
396;Indonesia;;Likupang;04918 Farwell Lane;40383;Huels-Zboncak
397;Indonesia;;Banjarbaru;227 Dayton Street;46016;Schaden, Farrell and Flatley
398;China;;Tucheng;50 Meadow Valley Way;57124;Mitchell-Carter
399;China;;Babao;058 Butterfield Street;31134;Dicki-Harvey
400;Portugal;Porto;Ladário;4 Sutherland Lane;51038;Kreiger-Simonis
401;Argentina;;Puerto Esperanza;7 Division Place;58631;Green Inc
402;Brazil;;Iracemápolis;7839 Orin Center;31546;Jaskolski, Schuster and Cronin
403;Andorra;;la Massana;22229 Ruskin Point;31344;Okuneva, Blick and Cremin
404;Kenya;;Kapsabet;235 Boyd Plaza;33025;Hilpert-Parker
405;France;Rhône-Alpes;Villeurbanne;8869 Bay Pass;81805;Doyle LLC
406;Philippines;;Acli;8 Colorado Road;91008;Wisozk, Walsh and Schimmel
407;Panama;;Chame;7 Eliot Center;30143;Bednar, Hoppe and Ankunding
408;Peru;;Callao;6248 Barby Center;38791;Ondricka, Bartoletti and Lynch
409;Sweden;Stockholm;Norsborg;1 Scofield Junction;27048;Gutmann, Douglas and Turcotte
410;Czech Republic;;Meziměstí;692 Jackson Way;10248;Blick, Hilpert and Hermann
411;Colombia;;La Tola;56192 Clyde Gallagher Circle;93417;DuBuque Group
412;China;;Baohe;68505 Anderson Trail;92275;Barrows Inc
413;Burkina Faso;;Manga;1266 Park Meadow Court;53643;Paucek, Lindgren and Davis
414;Serbia;;Voždovac;8 Kinsman Street;86070;Goyette, Little and Anderson
415;Nigeria;;Isu;38371 Fuller Place;48061;Kulas Group
416;United States;Ohio;Hamilton;93 Waxwing Drive;99822;Hahn, Kulas and Heidenreich
417;Russia;;Shalushka;159 Browning Drive;17603;Sanford Inc
418;China;;Yanzhao;63 Debs Lane;40862;Marvin-Flatley
419;China;;Shibi;446 Blue Bill Park Hill;81570;Borer LLC
420;Yemen;;Markaz al Marīr;5217 Memorial Place;83366;Littel-Feest
421;France;Provence-Alpes-Côte d'Azur;Montfavet;7 Westport Alley;52952;Nader LLC
422;Russia;;Ordzhonikidzevskaya;2977 Blaine Alley;94930;Larkin and Sons
423;Japan;;Mobara;43039 Fordem Center;96712;Bahringer-Schneider
424;China;;Daqiao;199 Dryden Crossing;34756;Walsh-Towne
425;China;;Yangtan;211 Weeping Birch Avenue;76902;Corkery Inc
426;Poland;;Osiedle-Nowiny;35 Canary Parkway;95323;Considine, Mills and Erdman
427;Serbia;;Dobrica;42 Bartelt Plaza;43639;Rosenbaum-Quitzon
428;Nigeria;;Toungo;01 Steensland Junction;69269;Hagenes, Stamm and Bradtke
429;Greece;;Skaramangás;5110 Dryden Center;49257;Hermann-Boyer
430;Sweden;Västra Götaland;Göteborg;439 Hagan Crossing;75651;Raynor, Hills and Mills
431;Indonesia;;Krajan Demit;1 Pepper Wood Trail;51655;Purdy Group
432;Mongolia;;Buga;44 Thompson Way;31933;Greenfelder-Hirthe
433;China;;Chang’an;58 Butterfield Way;13936;Waelchi, Mosciski and Gleichner
434;Kazakhstan;;Maleevsk;19283 Northview Road;41785;Anderson, McKenzie and Hyatt
435;Nigeria;;Badagry;18492 Springview Place;562;O'Hara-Rau
436;Indonesia;;Segoro;36 Manley Lane;32468;Hettinger-Glover
437;Indonesia;;Weepanapi;59068 Washington Point;60783;Borer Inc
438;China;;Caidian;19224 Bobwhite Circle;41831;Bode, Shanahan and Weissnat
439;China;;Zhendeqiao;9 Morningstar Way;76274;Quitzon Inc
440;Brazil;;Oeiras;1 Meadow Valley Point;52409;Kub Group
441;China;;Yinjiang;9 Dawn Avenue;56834;Mayer, Kovacek and Zieme
442;Brazil;;Jaru;27342 Johnson Hill;24011;O'Keefe, Torphy and Morar
443;Poland;;Gilowice;416 Dovetail Terrace;84452;Kautzer LLC
444;China;;Ludu;819 2nd Court;57733;Brakus-Miller
445;Indonesia;;Bangekdewa;99687 Reindahl Circle;12394;Corwin, Kilback and Lakin
446;China;;Chengyue;391 Mariners Cove Circle;95429;Roberts-Rath
447;Indonesia;;Bibis;6323 Bluejay Road;43038;Stanton-Wisoky
448;Philippines;;Calamba;975 Anniversary Street;53822;Kulas, White and Renner
449;Greece;;Áno Liósia;02 Butterfield Lane;14335;Cremin Group
450;Honduras;;El Pino;29760 Weeping Birch Park;83028;Gerhold, Wisoky and Quigley
451;Indonesia;;Leramatang;21 Tomscot Terrace;20509;Beatty-Kulas
452;Panama;;San Ignacio de Tupile;988 Declaration Road;59828;Schultz-Wunsch
453;Czech Republic;;Postupice;23 Talisman Park;16807;Rempel, Jacobs and Will
454;Poland;;Klonowa;48630 Sugar Drive;37357;Buckridge Group
455;Russia;;Shilovo;018 Oxford Point;60160;Greenfelder, Runolfsdottir and Torphy
456;Poland;;Wapno;018 Bayside Drive;17059;Lakin, Luettgen and McDermott
457;China;;Gaotang;246 Ilene Lane;19914;Kuvalis-Ullrich
458;Netherlands;Provincie Noord-Holland;Bussum;55 Vahlen Parkway;14287;Murazik-Bruen
459;Trinidad and Tobago;;Rio Claro;944 Knutson Plaza;26758;Von-Koelpin
460;Philippines;;Kampokpok;7 Pepper Wood Junction;8145;Altenwerth, Koepp and Senger
461;Sweden;Stockholm;Vallentuna;1366 8th Road;75589;Dietrich-Mertz
462;Philippines;;Bantog;955 Arapahoe Street;31006;Schmitt-Jacobs
463;Zimbabwe;;Chitungwiza;11529 Eastlawn Point;46496;Thiel, Mertz and Adams
464;Russia;;Sibay;9692 West Street;983;Gerhold LLC
465;Paraguay;;Itauguá;59 Rusk Terrace;28565;Hyatt LLC
466;China;;Jieduo;9 Buhler Junction;78347;Kihn-Dare
467;Poland;;Jeziorany;99 Bluejay Point;30736;Jaskolski-Casper
468;Indonesia;;Pasararba;87127 Mallory Avenue;28657;Hane-Maggio
469;Russia;;Novokayakent;7255 Eagle Crest Place;97098;Collier, Lakin and Walker
470;Philippines;;Dugcal;977 Hauk Way;26731;Wehner, Becker and Kilback
471;Lithuania;;Kazlų Rūda;35826 Golf Point;68904;Parker-Larson
472;Russia;;Sosnovoborsk;6030 Mifflin Hill;77061;Schamberger Inc
473;Ukraine;;Kobelyaky;68022 Wayridge Terrace;52388;Labadie-Reynolds
474;China;;Gongping;7 Declaration Point;29970;Price-Toy
475;Canada;Québec;Mascouche;83 Shopko Trail;9111;Huel Group
476;Poland;;Cisek;7 Blaine Street;5907;Schultz, Carroll and McCullough
477;China;;Zhumadian;69 Melody Plaza;3596;Windler, Legros and Fahey
478;United States;California;Los Angeles;05 Tomscot Pass;39220;Barton, Farrell and Kub
479;Indonesia;;Pakisaji;46 Village Avenue;46276;Hane and Sons
480;China;;Qingzhou;87 Monument Point;86681;Feeney, Kozey and Borer
481;China;;Shaxi;9 School Parkway;36534;Lakin-Pacocha
482;Indonesia;;Sumberkemuning;6 Saint Paul Street;56551;Bartell, Huel and Koepp
483;Nicaragua;;Comalapa;3788 Gulseth Alley;44298;Ward, Daniel and Botsford
484;France;Nord-Pas-de-Calais;Armentières;51 Springview Alley;93629;Stoltenberg LLC
485;China;;Changdai;8708 Browning Court;65861;Stamm and Sons
486;Indonesia;;Pandanrejokrajan;88 Meadow Vale Way;62612;Mohr and Sons
487;Japan;;Itako;66 Badeau Trail;91418;Satterfield, Farrell and Steuber
488;Lithuania;;Rietavas;0700 Lotheville Junction;99620;Muller, Flatley and Padberg
489;Libya;;At Tāj;1 Manley Parkway;97878;Auer-Sawayn
490;China;;Tianshan;9556 Springview Circle;54755;Funk LLC
491;Madagascar;;Sitampiky;698 Arizona Pass;48900;Hegmann Group
492;Iran;;Dargaz;609 Superior Drive;11104;Crist, Yost and McKenzie
493;Sweden;Västra Götaland;Kungälv;0592 Maple Wood Plaza;75570;Altenwerth, Schmeler and Boyle
494;Finland;;Ylämaa;878 Buhler Center;50753;Smitham, Rohan and Bailey
495;Mongolia;;Shireet;3486 Oak Valley Crossing;4629;Skiles Inc
496;Ukraine;;Tomakivka;0451 Annamark Street;52802;Stanton, Raynor and Grant
497;Brazil;;Moju;96924 Del Sol Circle;96503;King-Goodwin
498;Saudi Arabia;;Tanūmah;59 Sommers Plaza;851;Bahringer, Barton and O'Connell
499;Sweden;Västra Götaland;Göteborg;6 Dapin Place;27431;Koss Inc
500;Vietnam;;Gò Dầu;120 Browning Drive;16048;Hartmann Inc
501;Colombia;;Mapiripán;096 Northwestern Pass;47301;Hudson-Sawayn
502;Indonesia;;Somba;03 Amoth Terrace;25712;Krajcik, Hansen and Nader
503;Portugal;Vila Real;Vale de Mendiz;68334 Grim Drive;98502;Parker Group
504;China;;Fuxing;70 Kim Terrace;8287;Bahringer, Kautzer and Smith
505;China;;Leiguan;8 Lakewood Lane;66873;Wehner-Dietrich
506;Cameroon;;Meïganga;03491 Clarendon Court;5683;Skiles, Dach and Lind
507;Ukraine;;Ropcha;80 Clyde Gallagher Circle;84722;Bergnaum, Witting and King
508;China;;Shanmu;22 Lakeland Hill;44568;Kiehn, Mante and Grady
509;El Salvador;;Zacatecoluca;95 Mosinee Lane;15870;Yost, Dickinson and Rippin
510;Brazil;;Coroatá;8 Nova Alley;16229;Harvey-Steuber
511;China;;Nanyang;6 Sullivan Road;63657;McGlynn-Carter
512;Norway;Rogaland;Stavanger;7362 High Crossing Lane;7322;Schowalter, Fay and Rohan
513;France;Île-de-France;Fosses;703 Buhler Road;27147;Schumm and Sons
514;Malawi;;Chipoka;8 Manley Circle;18012;Tremblay and Sons
515;Portugal;Ilha de São Miguel;São Roque;0 Hoffman Terrace;74502;Thiel, Walker and Feest
516;France;Corse;Bastia;21 Ridgeway Point;30403;Schoen-Farrell
517;Indonesia;;Guwoterus;699 Havey Terrace;66281;Orn, Volkman and Hansen
518;France;Île-de-France;Croissy-sur-Seine;3319 Westridge Road;80547;Predovic and Sons
519;Portugal;Évora;Évora;7031 Redwing Alley;63370;McKenzie and Sons
520;United States;South Carolina;Spartanburg;2 Macpherson Way;78497;Langworth, Treutel and Kulas
521;Indonesia;;Oehaunu;3127 Graceland Terrace;19255;Smitham-O'Kon
522;Indonesia;;Krajan Kedungsalam;80 Drewry Park;53814;Turner Group
523;Serbia;;Gakovo;11563 Dwight Parkway;41341;Hartmann-Mante
524;China;;Yuquan;68 Moose Place;76877;Wolf Group
525;Portugal;Braga;Lama;87216 Prairie Rose Drive;35569;Murazik-MacGyver
526;Indonesia;;Leles;000 Waubesa Way;21248;Carroll-Little
527;Peru;;Tarica;74511 Duke Parkway;61768;Gleichner-Prosacco
528;Russia;;Kargasok;82 Canary Crossing;79579;Wyman LLC
529;El Salvador;;San Marcos;5 Kropf Plaza;80229;Thiel-Jakubowski
530;Yemen;;Raydah;32674 Lillian Road;47969;Kertzmann and Sons
531;China;;Yong’an;4321 3rd Hill;81219;Sipes and Sons
532;China;;Canmang;08590 Lerdahl Trail;71840;Jacobson LLC
533;Nigeria;;Gembu;8253 Lighthouse Bay Park;8873;D'Amore, Schmidt and Wolff
534;Slovenia;;Mokronog;317 Cardinal Hill;86482;Hirthe LLC
535;China;;Yixingfu;15552 Old Shore Crossing;68319;Konopelski and Sons
536;Ghana;;Saltpond;9 Waubesa Alley;40070;Renner LLC
537;China;;Dongling;8 Monica Parkway;86950;Spinka and Sons
538;Indonesia;;Pasarkolot;9 Clyde Gallagher Street;53743;Wolf Group
539;Brazil;;Balneário Camboriú;1 Lake View Place;72253;Schiller-Raynor
540;Brazil;;Paratinga;0 Old Gate Avenue;61605;Connelly-Kiehn
541;Colombia;;Hispania;8570 Novick Street;38413;Bahringer-Kemmer
542;Finland;;Liperi;07543 Riverside Road;65554;Nicolas, Balistreri and Fisher
543;China;;Fenghuangdong;70 Arizona Road;66353;Weimann Inc
544;France;Provence-Alpes-Côte d'Azur;Marseille;640 Dennis Road;51292;Hamill and Sons
545;Indonesia;;Rokem Barat;394 Hanover Court;37808;DuBuque-Franecki
546;Russia;;Zvëzdnyy;22832 Dixon Circle;94526;Harvey Group
547;Italy;Lazio;Roma;51843 Rowland Road;87006;Rosenbaum-Blanda
548;Indonesia;;Talun;5 Old Shore Avenue;60206;VonRueden, Feil and Kutch
549;South Korea;;Gumi;7124 Miller Parkway;86376;Block, Parisian and Baumbach
550;Serbia;;Bačka Palanka;8721 Birchwood Plaza;89201;Hansen and Sons
551;Portugal;Porto;Abelheira;98496 Northport Center;26173;Hegmann and Sons
552;China;;Xikou;6 Main Lane;96178;Padberg-Auer
553;Russia;;Metallostroy;016 Scofield Way;63090;Koepp, Schaefer and Emmerich
554;Philippines;;Tayum;6 Harbort Place;6390;Schinner-Ullrich
555;Greece;;Kálamos;5849 Artisan Court;26357;Harvey, Durgan and Spinka
556;China;;Huhe;36195 Westerfield Terrace;30152;Kshlerin-Abernathy
557;Poland;;Wyszków;35 Northport Court;23035;Littel, Pfeffer and Stehr
558;Russia;;Podosinovets;4055 Sachtjen Way;77917;Kilback-Murray
559;Sweden;Östergötland;Norrköping;8 Hallows Hill;58606;Mraz, Yost and Farrell
560;Russia;;Sovetskaya;141 Ilene Plaza;85577;Batz-Zemlak
561;Indonesia;;Sendangwaru;80841 New Castle Center;39772;Kohler, Oberbrunner and Ernser
562;China;;Nanniu;5 School Drive;2091;Harber Group
563;South Korea;;Incheon;38 Burrows Terrace;80241;Sporer Inc
564;Nigeria;;Kiyawa;57 Sunnyside Park;78288;Brekke LLC
565;France;Provence-Alpes-Côte d'Azur;Aix-en-Provence;081 Meadow Ridge Park;15721;Kirlin and Sons
566;Maldives;;Muli;53 School Terrace;15596;Thiel LLC
567;France;Pays de la Loire;Cholet;8399 Village Avenue;17953;Kilback Inc
568;Poland;;Gromadka;612 Stang Lane;53931;Greenfelder-Witting
569;Uzbekistan;;Toshloq;15250 Fuller Junction;90626;Sawayn Inc
570;United States;Maryland;Baltimore;0609 Ridge Oak Plaza;69800;Bailey LLC
571;Indonesia;;Pangkalan;50 Ramsey Crossing;60922;Reichel-Collins
572;Indonesia;;Oja;3860 Merrick Parkway;26556;Adams-Lowe
573;Japan;;Date;49699 Mendota Lane;81802;Graham, Carroll and Luettgen
574;Central African Republic;;Bambari;8 Kenwood Point;65666;Cruickshank LLC
575;Greece;;Efkarpía;642 Manley Place;18757;Hamill Inc
576;China;;Jinrui;1 Quincy Avenue;27055;Koss-Kozey
577;Ethiopia;;Genet;9603 Schurz Hill;39138;Schmitt Group
578;France;Aquitaine;Cestas;53 Thierer Road;19650;Muller, Willms and Waelchi
579;Georgia;;Ozurgeti;7996 Lakeland Park;96275;Dibbert-Kerluke
580;Angola;;Luau;49 Talisman Crossing;41430;Frami, Reilly and Corwin
581;China;;Yangjiafang;6664 Sunbrook Street;63146;Auer Inc
582;Russia;;Pravdinsk;9233 Roth Street;76921;Kirlin LLC
583;Russia;;Nizhniy Ufaley;8149 Bultman Terrace;29387;Reinger LLC
584;Colombia;;Puerto Berrío;51579 Northwestern Road;33114;Balistreri-Farrell
585;Portugal;Braga;Eirado;697 Mandrake Center;41022;Bahringer-Vandervort
586;France;Bretagne;Quimper;70 Forster Point;53604;Stokes, Senger and Kautzer
587;Croatia;;Žrnovnica;934 Kinsman Alley;67647;Trantow-Kiehn
588;China;;Liutangting;11 Summit Hill;38930;Gleason, Sipes and Batz
589;Indonesia;;Paokmotong Utara;6 Mitchell Park;80098;Beatty, Williamson and Effertz
590;Indonesia;;Manokwari;2944 Goodland Drive;43129;Schimmel, Hermiston and Kling
591;Portugal;Viana do Castelo;Mosteiro;8 Laurel Avenue;71426;Kovacek-Rice
592;Portugal;Braga;Vinha;041 Londonderry Point;26322;Herman-Schaefer
593;Georgia;;Ts’khinvali;22 Oneill Plaza;15808;Gleason, Schuster and Yundt
594;Georgia;;Akhaldaba;559 7th Place;68670;Shanahan, Waelchi and Windler
595;Belarus;;Byerazino;62980 Michigan Court;74711;Beer LLC
596;France;Midi-Pyrénées;Blagnac;9 Roxbury Point;45441;Hegmann, Hand and Romaguera
597;Peru;;Palca;2490 International Point;4633;Lemke and Sons
598;Russia;;Kulunda;514 Westport Lane;78247;O'Connell LLC
599;Russia;;Krasnaya Polyana;4985 Lake View Court;16102;Emmerich and Sons
600;China;;Gegu;92381 Morningstar Crossing;38065;Krajcik-Thompson
601;China;;Pingtian;445 Manufacturers Lane;76879;Langosh Group
602;Russia;;Kiyevskoye;19016 Esch Drive;80723;Tromp and Sons
603;Indonesia;;Wates;13 Sachs Road;81102;Beier, Walker and Upton
604;Philippines;;Kotkot;24 Gale Plaza;86937;Wilderman-Hammes
605;Cyprus;;Protaras;025 North Avenue;36380;Funk and Sons
606;Greece;;Loutrá;48 Waubesa Road;99259;Durgan Group
607;Chile;;La Ensenada;2662 Rieder Lane;46630;Windler, Strosin and Bahringer
608;Syria;;Tādif;02511 Barby Place;70250;Hansen LLC
609;Poland;;Grojec;107 Blue Bill Park Crossing;15061;Stiedemann Inc
610;Germany;Berlin;Berlin;1 Dawn Center;27773;Medhurst-Brakus
611;China;;Xinglong;18 Paget Street;41437;Kilback, Paucek and Stark
612;Indonesia;;Dlemer;96622 Monterey Place;41867;Towne, Halvorson and Langosh
613;Brazil;;Penedo;98449 Nobel Terrace;33157;Treutel Inc
614;Philippines;;Santa Lucia;0 Monument Terrace;563;Sipes-McCullough
615;Namibia;;Mariental;4495 Arkansas Park;64716;Kris, Wisozk and Bogan
616;Dominican Republic;;Hato Mayor del Rey;6610 Stoughton Road;91674;Pfeffer-Rippin
617;Lithuania;;Simnas;452 Amoth Terrace;87538;Green Group
618;Nigeria;;Dankalwa;1 Hudson Hill;14420;Lowe and Sons
619;China;;Dongguan;85953 Dayton Avenue;6144;Shanahan-Kling
620;Gabon;;Oyem;3123 Badeau Drive;19093;Marks, Reynolds and Torphy
621;Serbia;;Bački Breg;11 Lotheville Road;20642;Durgan LLC
622;Mexico;Guerrero;El Aguacate;3 Monument Court;92490;Emard-Bergstrom
623;Russia;;Osa;4 Maryland Street;27928;Kertzmann Inc
624;Philippines;;Tagakpan;2879 Scoville Road;41154;Walter, Dibbert and Schmidt
625;France;Île-de-France;Asnières-sur-Seine;4598 Delaware Court;46649;Boehm LLC
626;Indonesia;;Panyindangan;056 Lakewood Hill;8867;Heaney-Torp
627;Thailand;;Khong Chai;6732 Holmberg Alley;20072;Leannon-Adams
628;Brazil;;Viana;38077 Bluejay Terrace;99972;Hagenes LLC
629;Brazil;;Itatuba;548 Hoard Court;70036;Greenholt Group
630;Portugal;Santarém;Vale das Mós;526 Amoth Circle;36320;Cruickshank-Cassin
631;China;;Longquan;268 New Castle Junction;25435;Strosin Inc
632;Finland;;Siilinjärvi;401 Boyd Crossing;49743;Breitenberg-Feest
633;Czech Republic;;Dolní Bojanovice;2605 Blaine Drive;49642;Kuhic LLC
634;Indonesia;;Npongge;7 Stephen Street;92041;Carter, Will and Bergnaum
635;Brazil;;Vitória da Conquista;4 Brown Lane;62300;West LLC
636;China;;Zhongshangang;23 Nelson Way;84177;Grady, Ruecker and Nicolas
637;Israel;;Sājūr;163 Red Cloud Avenue;32803;Kessler Group
638;United States;Colorado;Colorado Springs;8158 Old Shore Place;59639;Balistreri, Bernhard and Schneider
639;Palestinian Territory;;An Naşşārīyah;875 Oxford Place;96731;Bednar-Volkman
640;Ukraine;;Nuyno;695 Fairview Court;54014;Gutkowski-Harber
641;China;;Zhangjiang;8828 Hallows Plaza;52346;Trantow, Bergstrom and Dickinson
642;Portugal;Guarda;Lajeosa do Mondego;97446 Harbort Circle;68683;McKenzie-Nienow
643;Hungary;Budapest;Budapest;75558 Algoma Park;68668;Schroeder, Bayer and Stracke
644;Indonesia;;Kowang Utara;0157 Fairfield Crossing;30859;Quigley-Littel
645;China;;Hongtang;74389 Cody Court;90792;Schuster-Witting
646;Portugal;Viseu;Silvares;960 Talmadge Center;91301;Hartmann-Wisoky
647;Russia;;Krasnyy Yar;986 Tony Terrace;8080;Denesik LLC
648;Indonesia;;Plandirejo;59659 Magdeline Way;64429;O'Reilly-Will
649;China;;Dukou;5 School Point;56785;O'Hara LLC
650;Poland;;Tyczyn;97678 Graedel Street;82696;Kilback Group
651;United States;Kentucky;Louisville;846 Canary Park;52886;Reichel, Marks and Botsford
652;Sweden;Skåne;Arlöv;7532 Nobel Circle;44602;Schneider, Johns and Boyle
653;China;;Huanggang;2109 Hintze Point;61446;Hickle Group
654;Indonesia;;Selopuro;9 3rd Alley;65400;Bartoletti-Mertz
655;Nicaragua;;La Cruz de Río Grande;514 Glacier Hill Terrace;89896;Dare LLC
656;Burundi;;Kayanza;02 Macpherson Pass;19743;Stark LLC
657;Russia;;Malaya Purga;416 Old Shore Place;10476;Hagenes LLC
658;Vietnam;;Cầu Giấy;86 Dapin Place;6826;Bogisich LLC
659;Indonesia;;Jayawangi;9 Packers Street;45251;Maggio and Sons
660;Canada;Newfoundland and Labrador;Labrador City;9266 Talisman Lane;73562;Beier Group
661;Indonesia;;Nagrak;1 Graedel Street;54064;Farrell Inc
662;Russia;;Fëdorovskoye;494 Bartillon Way;25719;Koepp and Sons
663;Philippines;;Baroy;4 Mariners Cove Plaza;71673;Kris, Hudson and Wilkinson
664;Indonesia;;Campok;60868 La Follette Pass;24197;Murray-Lebsack
665;Finland;;Vihti;5 Larry Plaza;94428;Price, Schuppe and Wilderman
666;Ukraine;;Toshkivka;674 Forest Run Parkway;83901;Koelpin-Franecki
667;Latvia;;Vaiņode;3379 8th Circle;20630;Towne, Mohr and Reichel
668;Syria;;‘Ayn Ḩalāqīm;72834 Hoepker Center;59880;Tillman-Collier
669;China;;Shuangzhu;722 Comanche Terrace;60296;Hermiston-Bauch
670;Sweden;Jönköping;Eksjö;100 Lyons Avenue;45435;Bechtelar-Lindgren
671;Philippines;;Dulian;0 Crescent Oaks Place;96006;McKenzie, Metz and Hammes
672;China;;Baizhifang;6 Prairieview Trail;26797;Runolfsdottir Inc
673;Colombia;;Saboyá;663 Northwestern Hill;58610;Ziemann-Wiegand
674;Cape Verde;;Praia;0 Mockingbird Lane;62720;Walter-Goldner
675;Brazil;;Barra Mansa;5 Pine View Way;59396;Haag-Pagac
676;France;Auvergne;Moulins;3098 Union Terrace;69401;Donnelly-Ratke
677;China;;Xiaolou;409 Moose Trail;20507;Kilback, Conroy and Okuneva
678;Indonesia;;Muraloka;9229 Warner Avenue;52175;Blick-Cormier
679;Canada;British Columbia;Lions Bay;4 Express Alley;72199;Fisher Group
680;Finland;;Varpaisjärvi;9 Browning Crossing;68341;Dooley, Langworth and Rath
681;Russia;;Mozdok;7798 Continental Court;62532;Thompson-Davis
682;France;Rhône-Alpes;Annecy;8439 Orin Parkway;69984;West and Sons
683;Ukraine;;Kryvyy Rih;15658 Mallard Lane;97905;Thompson, Dicki and Harvey
684;New Zealand;;Foxton;3229 Orin Place;95549;Deckow, Pfeffer and Legros
685;Canada;British Columbia;Okanagan;13139 Logan Plaza;56996;Steuber-King
686;Botswana;;Mmathubudukwane;16 Lien Street;91774;Balistreri LLC
687;Poland;;Komorów;57 Melody Hill;13294;Schmidt-Veum
688;China;;Zhongmen;90132 Golden Leaf Street;1656;Hamill, Kerluke and Hamill
689;Sweden;Stockholm;Danderyd;93 Charing Cross Point;61352;Gusikowski-Bayer
690;United States;California;Sacramento;19 Waxwing Alley;81464;Welch LLC
691;Mali;;Araouane;66102 Bunting Junction;29553;Fadel, Boyle and Berge
692;Mexico;Guerrero;El Aguacate;67 Namekagon Trail;20330;Bernier Group
693;Indonesia;;Sopla;5241 Shelley Street;87359;Veum, Hammes and Heathcote
694;China;;Baziqiao;2147 Forster Parkway;64892;Cummerata, Mante and Kshlerin
695;Russia;;Tonkino;7 Forster Way;47175;Donnelly, Walker and Schulist
696;Russia;;Ryazhsk;68 Crescent Oaks Trail;63053;Morar-Hilll
697;Peru;;Ticrapo;5298 Sommers Lane;91703;Deckow, Purdy and Balistreri
698;China;;Touzao;2 Namekagon Street;30150;Frami Inc
699;Canada;Saskatchewan;Lanigan;14391 Bowman Pass;71591;Dare and Sons
700;Japan;;Kumamoto;38 Sachs Point;27777;Kiehn, Christiansen and Bartoletti
701;Czech Republic;;Vlkoš;896 Muir Court;29493;Schowalter, Bins and Ullrich
702;Nigeria;;Isu;077 Quincy Avenue;79411;King Group
703;Russia;;Malinovoye Ozero;0 6th Lane;2599;Morissette Inc
704;Honduras;;Auas;5702 Duke Hill;31930;Stehr Group
705;Brazil;;Tonantins;4185 Texas Parkway;32008;Cummings Group
706;China;;Zongzhai;7 Sachtjen Street;56998;Gerlach-Wyman
707;China;;Qianwei;46191 Sycamore Trail;38622;Okuneva, Armstrong and Rau
708;Philippines;;Aanislag;1528 Hanson Way;25387;Runolfsdottir and Sons
709;Latvia;;Priekule;8 Fairfield Circle;91041;Hand-Moen
710;Sweden;Stockholm;Stockholm;0 Scott Lane;16006;Lubowitz-Baumbach
711;Russia;;Neftegorsk;34071 Sommers Way;26174;Lakin, Barrows and Feest
712;Philippines;;Tagoloan;74 Morning Drive;79385;Bernier, DuBuque and Ledner
713;China;;Deqing;8 Bluestem Junction;70493;Anderson Inc
714;Ukraine;;Luzhany;9 Main Road;98210;Donnelly-Krajcik
715;Portugal;Viseu;Leomil;8951 Jay Circle;55398;McLaughlin, Dickens and Zemlak
716;Sweden;Stockholm;Tomteboda;6009 Main Junction;91663;Turcotte-Grimes
717;China;;Yingjiang;2 Talisman Way;18455;Labadie Inc
718;Indonesia;;Glagahan;62 1st Way;28194;McCullough, Heaney and McDermott
719;New Zealand;;Moerewa;4956 Sullivan Park;59537;Veum Group
720;China;;Zhongzi;58837 Kinsman Road;90041;Nicolas-Klein
721;Bangladesh;;Mādārīpur;0 Loomis Avenue;14811;Kihn, Swaniawski and Deckow
722;Russia;;Ust’-Omchug;6517 Michigan Junction;59978;Anderson-Brekke
723;Indonesia;;Reuleuet;91732 Dexter Alley;94109;Christiansen and Sons
724;Indonesia;;Nurabelen;4 Welch Place;22016;Adams, Hansen and Auer
725;Indonesia;;Rajadesa;96178 Comanche Junction;84693;Will and Sons
726;Philippines;;Cuevas;33045 Towne Avenue;56129;Veum LLC
727;Indonesia;;Siding;5053 Meadow Vale Pass;37818;Beer-Schmitt
728;China;;Yingmaili;0823 Schiller Center;2055;Crooks-Schmeler
729;Bhutan;;Tsimasham;15479 Portage Plaza;89574;Casper, Parker and Emard
730;China;;Huayuan;7 Florence Crossing;96726;Crona Group
731;Indonesia;;Putrajawa;1535 Dwight Street;86944;Hegmann-Roob
732;Namibia;;Otjimbingwe;4 Colorado Crossing;30059;Gulgowski, Ryan and Pagac
733;Peru;;Huayana;31 Eggendart Avenue;23003;Willms Inc
734;China;;Jieguanting;35448 Oxford Hill;17994;Weimann LLC
735;China;;Tieba;47 Hoepker Crossing;47912;Cruickshank-Ruecker
736;Norway;Vestfold;Larvik;7804 Portage Court;67395;Schaden, Hettinger and Kilback
737;Indonesia;;Koronganayam;468 Manitowish Trail;17855;Muller, Jast and Stoltenberg
738;Russia;;Izmaylovo;04 Walton Road;55515;Champlin Inc
739;Philippines;;Esperanza;1960 Corry Drive;21276;Bosco-Gerhold
740;Serbia;;Pavliš;955 Bobwhite Circle;69013;Reynolds Inc
741;Ukraine;;Velykoploske;53 Center Terrace;16666;Lang LLC
742;Poland;;Klonowa;622 Talisman Lane;89233;Schimmel, Gusikowski and Beahan
743;France;Languedoc-Roussillon;Montpellier;538 Troy Drive;88804;Bins-King
744;China;;Dongfeng;28445 Continental Street;80577;Wyman Group
745;Peru;;Mariposa;28983 Stang Park;29154;Smith, Fay and Lehner
746;Brazil;;Santo Antônio de Jesus;0 Carey Crossing;18469;Littel, Kuhn and Hintz
747;Sweden;Stockholm;Stockholm;9196 Linden Road;34646;Wuckert-McCullough
748;Italy;Campania;Salerno;4 Cascade Place;14069;Zulauf and Sons
749;Indonesia;;Plataran;66399 Sundown Park;89413;Okuneva-Cassin
750;Ukraine;;Staryy Dobrotvir;806 Messerschmidt Center;73325;Emard-Connelly
751;Portugal;Porto;Longra;7 Dixon Point;59710;Runolfsdottir Group
752;Bulgaria;;Klisura;2372 Village Green Hill;48301;Champlin, Mante and Blanda
753;Indonesia;;Langensari;2 Shoshone Court;55102;Gutmann and Sons
754;Czech Republic;;Proboštov;03096 Shasta Circle;20437;Zulauf-Abbott
755;Armenia;;Masis;740 Vahlen Hill;54854;Fisher-Jaskolski
756;Dominican Republic;;Mao;7 Lawn Trail;73444;Wuckert LLC
757;Mexico;Michoacan De Ocampo;La Esperanza;3 Duke Pass;23143;Kuhlman Inc
758;France;Île-de-France;Levallois-Perret;0644 Hooker Drive;23119;Powlowski and Sons
759;Colombia;;Cajicá;27 Dunning Pass;67828;Lang, O'Conner and Bruen
760;China;;Podu;7 Schlimgen Street;33504;Sporer Group
761;Ireland;;Kiltamagh;12486 Carey Center;55821;Trantow-Price
762;France;Pays de la Loire;Angers;5 Northfield Point;74454;Schmeler-Lubowitz
763;Russia;;Tovarkovskiy;7 Golf Road;63470;Champlin Inc
764;Russia;;Kineshma;66148 Harbort Crossing;49436;Goyette Group
765;Malta;;Mosta;732 Saint Paul Lane;64482;Lueilwitz-Turner
766;Indonesia;;Haridimun;12 Transport Street;7777;Ward, Thiel and Howell
767;Brazil;;Condado;97260 Jay Street;61247;Kutch Inc
768;Argentina;;Arraga;2915 Grover Court;19349;Sauer, Gaylord and Koepp
769;Serbia;;Zaječar;682 North Hill;98639;Ullrich LLC
770;Philippines;;Maripipi;50 Sullivan Road;50710;Beer, Hane and Cormier
771;Russia;;Izborsk;28529 Independence Court;61833;Gottlieb Group
772;Philippines;;Platagata;53 Hansons Hill;4219;Olson, Little and Pacocha
773;Indonesia;;Doropayung;1400 Moland Avenue;18358;Barrows Group
774;China;;Yangfeng;88 Warrior Drive;87805;Wolff, Senger and Oberbrunner
775;Indonesia;;Bungbulang;7 Gerald Lane;48106;Corkery LLC
776;Mexico;Michoacan De Ocampo;Benito Juarez;3416 Heath Alley;22795;Nolan LLC
777;Peru;;Ayna;946 Stang Center;88179;Dooley, Anderson and Mertz
778;Poland;;Łęczyce;9 Londonderry Avenue;77335;Hayes, McClure and Jakubowski
779;Philippines;;Paitan;5 Oxford Court;7303;Farrell Inc
780;Czech Republic;;Ronov nad Doubravou;6516 Welch Crossing;33176;Dietrich-Morar
781;China;;Zangbi;1 Gerald Avenue;14758;Jacobson Inc
782;Philippines;;Tucdao;590 Division Street;59738;Schoen-O'Kon
783;Philippines;;Buenavista;92 Rockefeller Trail;21209;Shanahan-Hahn
784;Philippines;;Mauhao;4635 Jackson Place;2959;Stoltenberg LLC
785;India;Gujarat;R S;127 Grim Drive;32576;Jenkins and Sons
786;France;Île-de-France;Chilly-Mazarin;66818 Goodland Alley;30788;Schuster Inc
787;Tanzania;;Itigi;31825 Scofield Drive;82393;McGlynn-Rowe
788;Mexico;Guanajuato;La Cruz;0 Talisman Drive;10696;Bradtke-McKenzie
789;Indonesia;;Ciudian;6 American Crossing;4966;Parisian, Predovic and Funk
790;Brazil;;Canoas;32795 Rutledge Court;29153;Bernier Inc
791;Australia;Western Australia;Perth;82 Vermont Point;59393;Casper Inc
792;New Zealand;;Bluff;31 Dexter Plaza;9847;Legros, Bauch and Fritsch
793;Hungary;Borsod-Abaúj-Zemplén;Miskolc;82213 Redwing Circle;68986;Mitchell LLC
794;Russia;;Mel’nikovo;3726 Annamark Trail;19945;Boehm, Bartell and Funk
795;Russia;;Niny;7983 Summer Ridge Road;95529;Senger, O'Connell and Torphy
796;Indonesia;;Gondanglegi Wetan;085 Thompson Road;82976;Smitham and Sons
797;China;;Qingduizi;831 Westridge Drive;12732;D'Amore-Kunde
798;Russia;;Kholbon;0986 Chive Road;1457;Hauck, Renner and Marks
799;Brazil;;Aracati;116 Prentice Parkway;37912;Jaskolski, Nicolas and Prosacco
800;Argentina;;Caleta Olivia;7 Basil Place;39127;Conn Inc
801;Philippines;;Gammad;619 Pankratz Plaza;94814;Mitchell LLC
802;China;;Jin’e;94930 Mcbride Point;52139;Dach-Kozey
803;Guatemala;;Parramos;1 Helena Trail;99205;Prohaska and Sons
804;Bolivia;;Paurito;61137 Nobel Street;55850;Hickle, Turner and Thompson
805;Brazil;;Iguatu;51567 Grover Junction;81925;Stark Group
806;Indonesia;;Tabanan;2252 Walton Park;80108;Daniel-Volkman
807;Russia;;Shar’ya;54 Waywood Place;52802;Carroll Inc
808;Uganda;;Kalungu;5814 Hollow Ridge Center;37170;Hegmann-Jacobi
809;Democratic Republic of the Congo;;Kabalo;47979 Briar Crest Drive;13486;Zboncak-Crona
810;Vietnam;;Phu Loc;90 La Follette Plaza;24081;Olson and Sons
811;France;Lorraine;Vagney;3 Dorton Drive;96624;Cartwright-Walker
812;Colombia;;Piedecuesta;553 Lien Place;73372;Beer, Daugherty and Schimmel
813;Thailand;;Kaset Wisai;8 Clarendon Terrace;98808;Reichel-Ritchie
814;Indonesia;;Mursaba;83198 Bunting Drive;15337;Rohan Group
815;Russia;;Zaraysk;0292 Haas Circle;10380;Cormier Inc
816;Indonesia;;Margotuhu Kidul;64 Jana Road;47098;Ruecker LLC
817;China;;Changzheng;145 Melrose Road;1023;Corkery-Tillman
818;Indonesia;;Colendra;09242 Mockingbird Park;33593;Rohan-Little
819;China;;Fenshui;743 La Follette Lane;91706;Spencer Inc
820;China;;Nierumai;047 Scott Trail;46637;Fisher-Jacobi
821;Argentina;;Embalse;52459 Rigney Circle;66416;Kreiger-Lang
822;China;;Weicheng;1338 Summerview Court;22239;Osinski, Jaskolski and Powlowski
823;Brazil;;Jales;72412 Saint Paul Parkway;35129;Spinka Inc
824;Russia;;Tuchkovo;98449 Oak Valley Point;18974;Ziemann and Sons
825;Ukraine;;Roskoshnyy;0 Pepper Wood Terrace;18479;Medhurst and Sons
826;Azerbaijan;;Bilajari;68636 Brown Crossing;65723;Schiller, Blick and Bednar
827;Poland;;Mirów;46 Emmet Place;54983;Aufderhar-Stroman
828;Ukraine;;Tyachiv;478 Union Parkway;61214;Labadie-Nader
829;Ukraine;;Chornomors’ke;0 Novick Drive;56973;Mosciski, Hodkiewicz and Mueller
830;Kenya;;Migori;6 Pankratz Alley;61881;Toy Inc
831;Madagascar;;Tsaratanana;2481 Hollow Ridge Trail;63406;Kshlerin, Gulgowski and Stamm
832;Philippines;;Liloy;6 Village Crossing;53070;Batz, Reynolds and Ferry
833;Indonesia;;Sukorejo;9034 Jay Terrace;78785;Schinner-Auer
834;Zambia;;Kasempa;5 Moulton Plaza;13329;Price, Hoppe and Goyette
835;France;Île-de-France;Paris 04;2765 Buhler Street;88509;Marks-Lubowitz
836;Indonesia;;Banjar Kawan;9211 Evergreen Crossing;16517;Stoltenberg, Nitzsche and Lowe
837;China;;Mahekou;3 Elmside Road;38062;Thiel-Casper
838;Russia;;Lesnoye;423 Hoepker Park;61029;Auer-Breitenberg
839;France;Île-de-France;Arcueil;807 Harper Point;32588;Nicolas, Cremin and Erdman
840;China;;Gutang;814 Lake View Trail;76031;Pouros and Sons
841;Sweden;Kalmar;Västervik;2 Gina Way;19554;Heidenreich-Armstrong
842;Sudan;;Tokār;71757 East Court;55581;Keebler, Mitchell and Bradtke
843;Thailand;;Kalasin;6775 Thompson Crossing;39844;Gulgowski-Ryan
844;France;Limousin;Brive-la-Gaillarde;2871 Redwing Road;63750;Blanda, Beahan and Leannon
845;Sweden;Västra Götaland;Billdal;2 Stephen Way;55118;Strosin Inc
846;China;;Sanjiang;2824 Northridge Trail;37249;Ortiz, Bayer and Schaden
847;Czech Republic;;Světlá nad Sázavou;118 Anderson Crossing;17068;Jast-Kreiger
848;Philippines;;General Santos;2569 Colorado Drive;90775;Hills Inc
849;Argentina;;Laborde;16 Linden Pass;39253;Monahan-Dicki
850;South Africa;;Elliot;52783 Kensington Pass;88650;Douglas-Runolfsson
851;Indonesia;;Banjarwaru;4180 Miller Plaza;64824;Bogisich-Brown
852;Armenia;;Gyumri;8 Myrtle Trail;92933;Tremblay Inc
853;Argentina;;Tres Arroyos;8 Transport Way;27721;Hodkiewicz-Prosacco
854;France;Aquitaine;Périgueux;50 Harper Circle;81602;Tromp LLC
855;Afghanistan;;Charikar;0 High Crossing Lane;67902;Rodriguez, Herzog and Lubowitz
856;Nigeria;;Tegina;21 Anhalt Court;70129;Gusikowski, Johns and Howell
857;Martinique;Martinique;Le Lamentin;0 New Castle Park;4016;Lubowitz, Jakubowski and Blick
858;Philippines;;San Francisco;865 Killdeer Junction;60243;Klocko LLC
859;Honduras;;Minas de Oro;4727 Heffernan Hill;82234;Morissette-Hahn
860;Thailand;;Suphan Buri;2873 Bayside Lane;61019;Crist, Olson and Padberg
861;Ethiopia;;Tulu Bolo;593 American Park;95530;Reichel Inc
862;Poland;;Trzebiatów;755 Browning Point;66071;Schaefer, Nienow and Toy
863;Brazil;;Cachoeira;4331 Clyde Gallagher Alley;78226;Lueilwitz Inc
864;Philippines;;Binguang;20046 Hanson Terrace;24574;Pagac Group
865;Portugal;Lisboa;Vila Franca de Xira;51 Kings Road;76783;Wyman-Roob
866;Portugal;Leiria;Amor;23 Portage Park;48811;Hermann Group
867;Croatia;;Turanj;04 Macpherson Lane;68777;Lowe-Labadie
868;Finland;;Ikaalinen;37 Texas Crossing;68018;Schuppe, Runte and Kuhic
869;Indonesia;;Banjar Budakeling;8773 Veith Park;50425;Bode-Lemke
870;China;;Maying;00 Washington Court;23179;Kub-Legros
871;Poland;;Dębno;32 Hagan Terrace;68555;Witting, Jacobs and Fahey
872;Russia;;Rybnoye;275 Golf Course Circle;56989;Bartell Group
873;China;;Huanggang;85353 Corben Road;64785;Dooley, Price and Gutkowski
874;Portugal;Braga;Esposende;48 Miller Park;34100;Rau-Kessler
875;China;;Kangle;9 Corben Trail;22415;Strosin LLC
876;Sweden;Skåne;Helsingborg;4965 Bluejay Terrace;539;Wiza, Leannon and Bosco
877;Mexico;Tamaulipas;Del Valle;00 Dovetail Junction;33298;Ernser-Howell
878;Nigeria;;Orerokpe;22 Petterle Center;45628;Zboncak LLC
879;China;;Sancha;78910 Thackeray Parkway;4054;Leannon-Hand
880;Portugal;Setúbal;Palhais;87248 Merrick Alley;77755;Kessler Group
881;Togo;;Niamtougou;5327 Anhalt Center;87377;Nolan, Kunde and Kilback
882;Serbia;;Boka;829 Orin Junction;33315;Hermann, Jast and Oberbrunner
883;Greece;;Kalpáki;908 Bowman Drive;26642;Kuvalis Inc
884;Pakistan;;Jāti;08 Kedzie Crossing;26123;Howe LLC
885;Costa Rica;;Siquirres;1084 Longview Pass;38052;Fay Inc
886;Ukraine;;Shepetivka;59 Roth Plaza;33813;Corkery, Bechtelar and Runolfsson
887;Indonesia;;Ciloa;8 Marquette Road;77350;O'Kon, Little and Bosco
888;Poland;;Olszówka;960 Anniversary Way;55937;Cormier, Dicki and Welch
889;Croatia;;Grubišno Polje;49 Carioca Drive;96242;Johnson-Jones
890;Venezuela;;Ocumare de la Costa;90072 Jay Park;47724;Streich-Bins
891;Kazakhstan;;Zhangatas;1178 Lillian Lane;70299;Gorczany, Funk and Mitchell
892;Madagascar;;Ambohitseheno;9 Bartelt Alley;53802;Kutch, Hartmann and Haag
893;China;;Daxindian;71 Buell Street;69195;Gulgowski LLC
894;China;;Yunlong;24205 Pankratz Park;14089;Hegmann, Quitzon and Bednar
895;Syria;;Ash Shajarah;60918 Melvin Trail;17629;Luettgen LLC
896;Brazil;;Medeiros Neto;139 Debs Park;61810;Cruickshank and Sons
897;Indonesia;;Cigadog;477 Maywood Plaza;61597;Rice, Ebert and Volkman
898;China;;Chunhu;3 Raven Junction;99953;Schamberger, Denesik and Feil
899;Poland;;Mętków;2 Farmco Way;16307;Moore, Roberts and Stroman
900;Bosnia and Herzegovina;;Starcevica;286 Myrtle Street;53439;Kirlin Group
901;China;;Altan Emel;7248 Oak Junction;46401;Sporer, Bashirian and Purdy
902;Philippines;;Subusub;2 Old Shore Junction;73861;Gleichner-Corkery
903;China;;Guzhuyingzi;6354 Butternut Center;31295;Stamm-Crist
904;Thailand;;Cha-am;3 Alpine Plaza;10533;Murray-Sauer
905;Portugal;Lisboa;Leceia;60066 Delladonna Trail;89873;Murray-Kozey
906;Thailand;;Suan Luang;804 West Plaza;14152;Koepp, Kassulke and Rodriguez
907;Japan;;Katsuyama;67550 Clarendon Terrace;45172;Borer-McCullough
908;Sweden;Västerbotten;Umeå;74 Barnett Parkway;29090;Kessler-Torphy
909;Sweden;Örebro;Kumla;32574 Schurz Avenue;39431;Gleichner, Williamson and Jast
910;Jamaica;;Wakefield;91719 6th Lane;91343;Murphy, Cremin and Spinka
911;Russia;;Nikolayevka;890 Huxley Crossing;79332;Senger-Hoppe
912;France;Picardie;Chantilly;84 Red Cloud Crossing;17120;Huels-Gleason
913;Portugal;Coimbra;Arganil;5 Westerfield Crossing;82355;Bednar, Terry and Buckridge
914;China;;Yangcun;1 Mayfield Point;62945;Rosenbaum-Hane
915;China;;Nankou;01359 Anniversary Crossing;43327;Hyatt, Boehm and Gleason
916;Thailand;;Surin;5 Trailsway Drive;1394;Weber, Kunde and Stamm
917;Slovenia;;Železniki;177 Fulton Lane;59088;Hilll-Reinger
918;Philippines;;Makiwalo;7194 Starling Place;7010;Quigley Group
919;Indonesia;;Golopau;4900 Packers Circle;32879;Marks Group
920;China;;Gannan;8 Stephen Court;76274;Kozey and Sons
921;Indonesia;;Padasono;133 Meadow Ridge Terrace;31243;Wintheiser Group
922;Poland;;Targowisko;464 Magdeline Park;5559;Kautzer-Hyatt
923;China;;Sanxixiang;837 Bobwhite Alley;90087;Bahringer LLC
924;Argentina;;Bella Vista;23202 Kenwood Circle;54863;Hauck-Hegmann
925;Canada;Ontario;Windsor;84954 Hagan Pass;13444;Bogisich-McKenzie
926;Argentina;;General Pico;93 Mariners Cove Plaza;13567;Hudson Group
927;Nigeria;;Kende;7610 Norway Maple Plaza;2512;Walter, Connelly and Heller
928;Indonesia;;Gambarjati;1495 Pierstorff Point;72082;Cruickshank, Swaniawski and Fahey
929;Sweden;Norrbotten;Älvsbyn;7 Debra Place;96841;Jacobs LLC
930;China;;Dongyuan;5170 Golf View Junction;68829;Pollich, Stamm and Powlowski
931;Indonesia;;Sumbersari Wetan;019 Anhalt Center;54309;Beer-Abbott
932;Morocco;;Zouiat ech Cheïkh;50144 Colorado Street;68168;Wilkinson-Will
933;Russia;;Gornyye Klyuchi;811 Veith Place;55904;Konopelski, Kilback and Nitzsche
934;China;;Ji’ergele Teguoleng;9339 Meadow Ridge Terrace;96480;Schinner Inc
935;Brazil;;Guaporé;0454 Raven Plaza;15304;Cormier-Funk
936;Belarus;;Krasnaye;049 Onsgard Way;15285;Daugherty LLC
937;China;;Maopingchang;2 Sutteridge Avenue;92269;Stamm-Zemlak
938;Russia;;Melenki;487 Heffernan Place;68734;Schmitt Group
939;Nigeria;;Agenebode;9803 Merchant Parkway;88100;Hand, Lockman and Sawayn
940;Jordan;;As Salţ;9868 Ruskin Way;17907;Christiansen LLC
941;Greenland;;Uummannaq;40724 Kensington Hill;57648;Fay and Sons
942;Portugal;Coimbra;Carvalhais;44 Scott Parkway;53980;Braun LLC
943;Philippines;;Claver;9 Gina Hill;64821;Casper-Emmerich
944;Philippines;;Bacag;9877 Forster Pass;36256;Howe, Heaney and Parisian
945;China;;Helin;3 Jana Court;59526;Carter-Monahan
946;United States;Missouri;Independence;288 Transport Crossing;59139;Dooley and Sons
947;China;;Pangguang;48 Warner Parkway;86121;Rolfson-Doyle
948;China;;Dushan;228 Scoville Place;94952;Schulist-Brekke
949;Sudan;;Tokār;28614 Meadow Ridge Crossing;59810;Donnelly Group
950;United States;New York;Bronx;91055 Ridge Oak Road;29833;Schimmel-Huel
951;Sweden;Södermanland;Katrineholm;07967 Gale Avenue;25981;Mayert-Kunze
952;Macedonia;;Сарај;8 Havey Court;57925;Emard-Mohr
953;Maldives;;Open Stage;732 Harper Junction;56371;Ferry, Rau and Anderson
954;Portugal;Porto;Monte;3 Kingsford Alley;92277;Green and Sons
955;Philippines;;San Nicolas;22 Old Gate Junction;64434;Blanda-Hodkiewicz
956;Philippines;;Daet;178 Magdeline Court;127;Beatty, Koepp and Goyette
957;Peru;;Acomayo;9 Muir Center;31001;Hilpert and Sons
958;Finland;;Puolanka;71 Summit Crossing;94609;Shanahan-Dietrich
959;Mongolia;;Bulag;68 Autumn Leaf Park;68949;Hackett, Boyer and Maggio
960;Indonesia;;Karangdawa Barat;49161 Marcy Point;28807;Olson-Koch
961;Czech Republic;;Topolná;7 Donald Point;57829;Walter, Crist and Dickens
962;Macedonia;;Крива Паланка;1923 Old Gate Trail;50366;Ziemann-Volkman
963;Sweden;Västra Götaland;Färgelanda;470 Pepper Wood Lane;94201;Herman, Torphy and Hickle
964;Russia;;Orda;8935 American Trail;75128;Reinger Group
965;China;;Longsheng;298 Weeping Birch Hill;21286;Deckow-Willms
966;Tunisia;;Banbalah;2 Little Fleur Hill;80592;Dare-Schulist
967;Russia;;Vel’sk;248 Lukken Crossing;71229;Jacobi, Collins and Strosin
968;Madagascar;;Amparafaravola;1 Mandrake Point;45608;Flatley, Bechtelar and Gutmann
969;United States;Colorado;Englewood;94 Marcy Trail;18466;Schmeler Inc
970;Indonesia;;Krajan Pocangan;1 Dryden Plaza;23197;Gibson Inc
971;China;;Xinjie;702 Scoville Crossing;99750;Fay-Cormier
972;China;;Xagmakajor;7 Nelson Avenue;12959;Bernier LLC
973;Argentina;;Mattaldi;4968 Bluestem Road;57188;Nolan, Ebert and Kerluke
974;Syria;;Kafr Takhārīm;233 Oak Crossing;76067;Cremin-Jerde
975;Philippines;;Atok;880 Dovetail Junction;35285;Hessel-Frami
976;Palestinian Territory;;Ūdalah;67208 Northfield Terrace;1288;Aufderhar-Lebsack
977;Canada;Québec;Asbestos;29 La Follette Park;74868;Marks Inc
978;Indonesia;;Langkaplancar;3 Talisman Crossing;36466;Anderson, Mertz and Klein
979;Indonesia;;Talok;23 Merry Parkway;80451;Durgan, Simonis and Bechtelar
980;China;;Zhoushan;77 Tomscot Parkway;42989;Kertzmann-Hayes
981;Indonesia;;Seraya;47174 Pond Point;54714;Hauck-Connelly
982;Philippines;;Lunec;359 Bultman Crossing;9872;Champlin LLC
983;Mongolia;;Har-Us;5 Schiller Point;49963;Kuvalis-Bins
984;Ukraine;;Oleksandrivka;1 Merchant Court;67999;Hyatt, Cassin and Kuphal
985;China;;Xiadu;84294 Corscot Avenue;36828;Beatty Group
986;China;;Lugu;328 Farragut Pass;63019;Hilpert-Bode
987;Russia;;Dukhovshchina;84 Lindbergh Center;79187;Smith-Stoltenberg
988;Macedonia;;Kumanovo;1 Truax Lane;52566;Tremblay-Koch
989;Croatia;;Dežanovac;55596 Acker Crossing;35328;Haag Inc
990;China;;Lengshui;51691 Monica Way;12299;Schamberger-Kihn
991;Poland;;Prostki;67 Clyde Gallagher Terrace;57784;Volkman-Lang
992;United States;District of Columbia;Washington;5 Dennis Hill;95556;Hessel-McLaughlin
993;Argentina;;Río Pico;2 Fuller Avenue;46529;Smitham-Donnelly
994;Nicaragua;;Masaya;87315 Longview Alley;65645;Gulgowski, Rutherford and Gorczany
995;France;Bretagne;La Gacilly;816 Talisman Court;87890;Walter and Sons
996;Brazil;;Bragança;3 Melody Drive;86985;Gulgowski-Hane
997;El Salvador;;Santa Tecla;568 Stephen Hill;72455;Mills, Metz and Tremblay
998;Indonesia;;Pondokaso;3 Monterey Hill;2318;Volkman LLC
999;China;;Jin’e;2 Toban Way;7621;Lind Group
1000;Indonesia;;Anyar;9 Butternut Drive;13129;Kilback, Koelpin and Marquardt